{"epoch/epoch":4,"Training Time (s)":71.12307047843933,"_runtime":75.7759902,"epoch/loss":0.0008024948765523732,"R² Score":0.9561492989733972,"MAE":0.02110613377237158,"_wandb":{"runtime":75},"epoch/val_loss":0.0005456246435642242,"_step":5,"_timestamp":1.7334581504530642e+09,"RMSE":0.028744881835684757,"MSE":0.0008262682317474795,"epoch/learning_rate":0.004999999888241291}