{"MSE":0.0010103127143858456,"_wandb":{"runtime":44},"R² Score":0.9463819143957491,"epoch/epoch":4,"_runtime":44.6983191,"epoch/loss":0.007095771841704845,"Training Time (s)":41.28953790664673,"MAE":0.02421227063151771,"epoch/learning_rate":0.0010000000474974513,"_timestamp":1.7333017513422556e+09,"RMSE":0.031785416693600944,"_step":5,"epoch/val_loss":0.016129136085510254}