{"epoch/loss":0.0013944674283266068,"_wandb":{"runtime":67},"_runtime":67.3738777,"MAE":0.02421227063151771,"epoch/val_loss":0.0007326112827286124,"epoch/learning_rate":0.009999999776482582,"epoch/epoch":4,"R² Score":0.9463819143957491,"_step":5,"RMSE":0.031785416693600944,"Training Time (s)":56.8635995388031,"MSE":0.0010103127143858456,"_timestamp":1.7332904867615554e+09}