{"epoch/epoch":19,"_timestamp":1.7334681716969519e+09,"RMSE":0.04088555761603291,"MSE":0.0016716288215739468,"R² Score":0.9112853515773388,"epoch/learning_rate":0.0010000000474974513,"MAE":0.0317429449431079,"Training Time (s)":192.60156083106995,"_runtime":196.3569551,"_step":20,"epoch/loss":0.0023696923162788153,"epoch/val_loss":0.001453873235732317,"_wandb":{"runtime":196}}