{"MAE":0.02090327840378109,"RMSE":0.0282434104321796,"Training Time (s)":79.77736735343933,"epoch/learning_rate":0.004999999888241291,"_step":5,"_wandb":{"runtime":84},"epoch/epoch":4,"epoch/loss":0.0008045684080570936,"MSE":0.0007976902328405516,"epoch/val_loss":0.0007219930412247777,"_timestamp":1.7334595235713892e+09,"_runtime":84.4394936,"R² Score":0.957665955717365}