{"Training Time (s)":10.652787923812866,"R² Score":0.7229576744568966,"epoch/val_loss":0.005735405255109072,"epoch/learning_rate":0.004999999888241291,"epoch/epoch":4,"epoch/loss":0.00599115714430809,"RMSE":0.07225124239594563,"MAE":0.057004527270212074,"_timestamp":1.7334674621845202e+09,"MSE":0.005220242027757692,"_wandb":{"runtime":13},"_step":5,"_runtime":13.0958966}