{"_step":30,"epoch/learning_rate":0.0006249999860301614,"Training Time (s)":50.06058669090271,"epoch/loss":0.005412350874394178,"epoch/epoch":29,"R² Score":0.6858869331075429,"MAE":0.06065050241713585,"_runtime":53.0819027,"MSE":0.005918757107042653,"_wandb":{"runtime":53},"_timestamp":1.7334687400138357e+09,"RMSE":0.07693345895670266,"epoch/val_loss":0.007879545912146568}