{"epoch/val_loss":0.0007859710603952408,"Training Time (s)":54.4189293384552,"_timestamp":1.7334558605148714e+09,"R² Score":0.9496257498480016,"MAE":0.02320811913906205,"RMSE":0.030808925682999456,"_step":5,"epoch/loss":0.001825390849262476,"epoch/epoch":4,"MSE":0.0009491899017405835,"_runtime":63.2625039,"_wandb":{"runtime":63},"epoch/learning_rate":0.009999999776482582}