{"R² Score":0.9590898143887838,"_wandb":{"runtime":76},"epoch/learning_rate":0.004999999888241291,"RMSE":0.0277643801612005,"MAE":0.020315979311915033,"Training Time (s)":70.95230197906494,"_runtime":76.3605834,"epoch/epoch":4,"epoch/loss":0.0007871472043916583,"_step":5,"epoch/val_loss":0.0005570179200731218,"_timestamp":1.7334601183230705e+09,"MSE":0.0007708608057356638}