{"_timestamp":1.733467184272771e+09,"epoch/learning_rate":0.0010000000474974513,"MAE":0.08466864647759229,"_runtime":50.4674701,"_step":5,"epoch/val_loss":0.010455555282533169,"_wandb":{"runtime":50},"epoch/epoch":4,"MSE":0.011144408956503732,"Training Time (s)":46.90121817588806,"RMSE":0.10556708273180486,"R² Score":0.4085575040972993,"epoch/loss":0.007346728350967169}