{"epoch/val_loss":0.0006607697578147054,"MAE":0.02073069461947468,"R² Score":0.9579032599770319,"RMSE":0.028164139710769948,"_wandb":{"runtime":78},"epoch/learning_rate":0.004999999888241291,"_step":5,"_timestamp":1.7334599209149516e+09,"MSE":0.0007932187656477688,"epoch/loss":0.0007913876906968653,"Training Time (s)":72.79527354240417,"_runtime":78.1782065,"epoch/epoch":4}