{"R² Score":0.9567897489946806,"_step":5,"epoch/val_loss":0.0006509601371362805,"_timestamp":1.7334594362201343e+09,"Training Time (s)":109.26717853546143,"MSE":0.0008142003857559753,"_wandb":{"runtime":114},"MAE":0.021073348063572705,"epoch/epoch":4,"_runtime":114.4201284,"epoch/loss":0.0008614829857833683,"epoch/learning_rate":0.004999999888241291,"RMSE":0.028534196777830898}