{"_runtime":44.4622953,"epoch/epoch":4,"RMSE":0.030808925682999456,"R² Score":0.9496257498480016,"MSE":0.0009491899017405835,"epoch/val_loss":0.011540363542735577,"epoch/learning_rate":0.0010000000474974513,"MAE":0.02320811913906205,"_wandb":{"runtime":44},"_step":5,"_timestamp":1.7334559084921358e+09,"Training Time (s)":41.40689516067505,"epoch/loss":0.00770225515589118}