{"_runtime":36.3120335,"R² Score":0.6920988254584386,"_wandb":{"runtime":36},"_timestamp":1.7334685783236723e+09,"epoch/epoch":19,"MAE":0.059253427541732205,"epoch/learning_rate":0.0024999999441206455,"epoch/loss":0.005687136668711901,"RMSE":0.07616894321722432,"Training Time (s)":33.43589377403259,"_step":20,"MSE":0.005801707910828744,"epoch/val_loss":0.006920851767063141}