{"Training Time (s)":9.64414119720459,"MAE":0.06488243672342525,"_wandb":{"runtime":12},"epoch/learning_rate":0.009999999776482582,"_runtime":12.6469719,"RMSE":0.08325774510354987,"MSE":0.006931852119727681,"epoch/loss":0.0070784445852041245,"_step":5,"epoch/val_loss":0.00684745516628027,"_timestamp":1.7334686119939046e+09,"R² Score":0.632121188757383,"epoch/epoch":4}