{"epoch/epoch":4,"_wandb":{"runtime":53},"MSE":0.0008023054652846423,"RMSE":0.028324997180664332,"_runtime":53.2158747,"MAE":0.021052672166569867,"Training Time (s)":48.32217025756836,"epoch/learning_rate":0.019999999552965164,"epoch/val_loss":0.0006608979310840368,"R² Score":0.9574210217234173,"_timestamp":1.7334574581161366e+09,"epoch/loss":0.001019578892737627,"_step":5}