{"_step":5,"epoch/learning_rate":0.0010000000474974513,"RMSE":0.031785416693600944,"MAE":0.02421227063151771,"MSE":0.0010103127143858456,"epoch/val_loss":0.006821696180850267,"_timestamp":1.7332906419861844e+09,"Training Time (s)":44.32305932044983,"R² Score":0.9463819143957491,"_wandb":{"runtime":48},"_runtime":48.4829162,"epoch/loss":0.007310499902814627,"epoch/epoch":4}