{"epoch/loss":0.001520810299552977,"MAE":0.024272441516985342,"Training Time (s)":54.96450614929199,"epoch/epoch":4,"RMSE":0.03184261520685057,"_timestamp":1.733467130200952e+09,"_runtime":63.6129127,"_step":5,"epoch/learning_rate":0.009999999776482582,"MSE":0.0010139521432115512,"R² Score":0.946188767062702,"epoch/val_loss":0.0009618620970286429,"_wandb":{"runtime":63}}