{"RMSE":0.028648448744102908,"epoch/val_loss":0.0006589129916392267,"_timestamp":1.7334679718014886e+09,"MAE":0.021316437472465824,"_step":17,"epoch/loss":0.0009082602337002754,"epoch/learning_rate":0.0024999999441206455,"epoch/epoch":16,"MSE":0.0008207336154434914,"_wandb":{"runtime":156},"R² Score":0.9564430253875542,"Training Time (s)":151.67734813690186,"_runtime":156.9066179}