{"MAE":0.02012203038946281,"MSE":0.0007489600394284729,"Training Time (s)":253.14948296546936,"_wandb":{"runtime":257},"epoch/val_loss":0.0006974548450671136,"epoch/learning_rate":0.0006249999860301614,"_runtime":257.5985305,"epoch/loss":0.0008775002788752317,"_step":20,"R² Score":0.9602521051784939,"_timestamp":1.7334674455697649e+09,"RMSE":0.027367134293317465,"epoch/epoch":19}