{"epoch/epoch":19,"MAE":0.02043096596699877,"_runtime":318.2784395,"epoch/loss":0.0008242265321314335,"epoch/val_loss":0.0005473469500429928,"Training Time (s)":312.8147644996643,"_wandb":{"runtime":318},"epoch/learning_rate":0.0012499999720603228,"R² Score":0.9587300491490677,"_timestamp":1.7334620621806579e+09,"_step":20,"RMSE":0.027886193282250404,"MSE":0.0007776397757750276}