{"epoch/loss":0.0012082679895684123,"epoch/val_loss":0.001006199512630701,"Training Time (s)":47.180903673172,"epoch/learning_rate":0.009999999776482582,"epoch/epoch":4,"MAE":0.021957025880234737,"R² Score":0.9536718345534211,"MSE":0.0008729504990222716,"_runtime":51.1451229,"_step":5,"RMSE":0.029545735716381673,"_timestamp":1.7334563545561538e+09,"_wandb":{"runtime":51}}