{"epoch/epoch":4,"R² Score":0.7440598866314687,"_step":5,"_runtime":15.5938536,"epoch/loss":0.006146406754851341,"Training Time (s)":12.573348999023438,"MSE":0.004822618109981192,"epoch/learning_rate":0.004999999888241291,"_timestamp":1.7334621331394868e+09,"MAE":0.054333837995704716,"_wandb":{"runtime":15},"epoch/val_loss":0.004793643020093441,"RMSE":0.06944507261124573}