{"epoch/loss":0.0008060386753641069,"MSE":0.0007830671190181634,"Training Time (s)":68.45335602760315,"epoch/epoch":4,"_timestamp":1.7334578308264635e+09,"_runtime":73.3741318,"R² Score":0.9584420158001149,"MAE":0.020515228685687066,"epoch/learning_rate":0.004999999888241291,"_wandb":{"runtime":73},"epoch/val_loss":0.0005653593107126653,"_step":5,"RMSE":0.02798333645257769}