{"MSE":0.0051450099250208,"_step":20,"_wandb":{"runtime":38},"Training Time (s)":35.85827851295471,"_timestamp":1.7334682145775714e+09,"epoch/learning_rate":0.0006249999860301614,"_runtime":38.1923947,"MAE":0.05734820769607357,"R² Score":0.7269503009648055,"epoch/val_loss":0.005178114864975214,"epoch/loss":0.004494086839258671,"epoch/epoch":19,"RMSE":0.07172872454617327}