{"Training Time (s)":96.9256694316864,"MSE":0.0007935252139775093,"RMSE":0.028169579584678032,"_wandb":{"runtime":103},"MAE":0.02066464489467991,"epoch/loss":0.0008560377173125744,"epoch/val_loss":0.0007478345069102943,"_step":5,"epoch/epoch":4,"_timestamp":1.7334593188297884e+09,"R² Score":0.9578869965245944,"epoch/learning_rate":0.004999999888241291,"_runtime":103.9035725}