{"epoch/val_loss":0.0006147718522697687,"_timestamp":1.7334580718530862e+09,"_runtime":77.6493117,"_step":5,"epoch/loss":0.0008347042603418231,"epoch/learning_rate":0.004999999888241291,"epoch/epoch":4,"MAE":0.020011467036899367,"R² Score":0.9601955155562775,"RMSE":0.02738660884618307,"MSE":0.0007500263440938328,"Training Time (s)":72.14985537528992,"_wandb":{"runtime":77}}