{"_wandb":{"runtime":291},"Training Time (s)":284.959032535553,"MAE":0.02033291349231671,"epoch/epoch":19,"epoch/val_loss":0.000528155651409179,"RMSE":0.027711470087518415,"_step":20,"_runtime":291.0461425,"epoch/loss":0.0006811305647715926,"epoch/learning_rate":0.0006249999860301614,"MSE":0.0007679255744114279,"R² Score":0.9592455894098938,"_timestamp":1.733461090096725e+09}