{"Training Time (s)":7.015334367752075,"epoch/epoch":4,"epoch/val_loss":0.009805061854422092,"_runtime":9.9605023,"MSE":0.00826575120654211,"RMSE":0.09091617681437177,"epoch/learning_rate":0.009999999776482582,"_timestamp":1.7334686531436284e+09,"MAE":0.07199316776690973,"_step":5,"R² Score":0.5613301213919439,"_wandb":{"runtime":9},"epoch/loss":0.008821516297757626}