{"epoch/epoch":4,"_timestamp":1.733456789697592e+09,"_step":5,"RMSE":0.029043103567871712,"MSE":0.0008435018648541225,"R² Score":0.9552346965913555,"_wandb":{"runtime":62},"epoch/val_loss":0.0007000299519859254,"epoch/learning_rate":0.009999999776482582,"Training Time (s)":58.251506090164185,"_runtime":62.5776143,"MAE":0.021601410988519847,"epoch/loss":0.0011521863052621484}