{"_step":20,"epoch/epoch":19,"MAE":0.02034008053641046,"_runtime":281.5563633,"R² Score":0.959225958723226,"RMSE":0.02771814334921019,"epoch/learning_rate":0.0006249999860301614,"_timestamp":1.7334604168538506e+09,"epoch/loss":0.0006921538733877242,"epoch/val_loss":0.0005048905732110143,"MSE":0.000768295470727365,"_wandb":{"runtime":281},"Training Time (s)":275.9803147315979}