{"epoch/epoch":4,"epoch/loss":0.0008153639500960708,"Training Time (s)":75.90666341781616,"_timestamp":1.733457914037221e+09,"MSE":0.0007741188062922275,"epoch/learning_rate":0.004999999888241291,"MAE":0.020379028915348648,"_wandb":{"runtime":80},"_runtime":80.3085245,"epoch/val_loss":0.0005127245676703751,"_step":5,"R² Score":0.9589169097521766,"RMSE":0.02782299060655104}