{"epoch/loss":0.005938710179179907,"epoch/epoch":4,"_runtime":13.4699506,"MSE":0.005517285005059087,"_timestamp":1.7334622379274561e+09,"MAE":0.05863874173264588,"_step":5,"Training Time (s)":10.437918424606323,"epoch/learning_rate":0.004999999888241291,"R² Score":0.7071933714264538,"_wandb":{"runtime":13},"epoch/val_loss":0.005135918967425823,"RMSE":0.07427842893504875}