{"Training Time (s)":52.19849729537964,"_wandb":{"runtime":56},"MAE":0.020919371068474864,"_step":5,"_timestamp":1.7334575174369648e+09,"RMSE":0.02836586547507902,"epoch/loss":0.000927432207390666,"epoch/learning_rate":0.019999999552965164,"_runtime":56.3795353,"epoch/epoch":4,"R² Score":0.9572980642121222,"epoch/val_loss":0.0006986806984059513,"MSE":0.0008046223241502798}