{"RMSE":0.028297142867189637,"MSE":0.0008007282944461413,"_step":5,"R² Score":0.957504723412832,"_runtime":56.7436741,"MAE":0.02093160935020806,"epoch/epoch":4,"epoch/loss":0.0009270544396713376,"epoch/learning_rate":0.009999999776482582,"Training Time (s)":52.638707637786865,"_wandb":{"runtime":56},"_timestamp":1.7334573382261224e+09,"epoch/val_loss":0.0006490535452030599}