{"RMSE":0.03095518058417456,"epoch/loss":0.0014713478740304708,"epoch/learning_rate":0.009999999776482582,"_timestamp":1.7334565400068493e+09,"Training Time (s)":47.594457149505615,"_wandb":{"runtime":52},"epoch/epoch":4,"_runtime":52.3033593,"MSE":0.0009582232049988579,"_step":5,"epoch/val_loss":0.0008158586570061743,"R² Score":0.9491463453819441,"MAE":0.02326678585767461}