{"_step":5,"epoch/epoch":4,"MSE":0.0008111768097171057,"Training Time (s)":77.15791082382202,"epoch/learning_rate":0.004999999888241291,"_runtime":82.0675979,"MAE":0.02108114184079304,"R² Score":0.9569502125388631,"_timestamp":1.7334600066867008e+09,"RMSE":0.028481165877068757,"_wandb":{"runtime":82},"epoch/loss":0.0008310674456879497,"epoch/val_loss":0.0005897486698813736}