{"epoch/learning_rate":0.009999999776482582,"R² Score":0.9563109479276845,"_wandb":{"runtime":57},"epoch/loss":0.0009749779128469527,"MAE":0.02132093895557738,"MSE":0.0008232223193106006,"Training Time (s)":51.88160252571106,"_runtime":57.128869,"_step":5,"RMSE":0.0286918510959227,"epoch/epoch":4,"epoch/val_loss":0.0006760836113244295,"_timestamp":1.7334572787251494e+09}